250,0,1
251,0,0.48109
252,0,0.48174
253,0,0.48238
254,0,0.48301
255,0,0.48363
256,0,0.48424
257,0,0.48484
258,0,0.48543
259,0,0.48601
260,0,0.48657
261,0,0.48713
262,0,0.48768
263,0,0.48822
264,0,0.48875
265,0,0.48927
266,0,0.48978
267,0,0.49028
268,0,0.49077
269,0,0.49125
270,0,0.49172
271,0,0.49218
272,0,0.49262
273,0,0.49306
274,0,0.49349
275,0,0.49391
276,0,0.49432
277,0,0.49472
278,0,0.49511
279,0,0.49548
280,0,0.49585
281,0,0.49621
282,0,0.49656
283,0,0.4969
284,0,0.49723
285,0,0.49754
286,0,0.49785
287,0,0.49815
288,0,0.49844
289,0,0.49872
290,0,0.49898
291,0,0.49924
292,0,0.49949
293,0,0.49973
294,0,0.49995
295,0,0.50017
296,0,0.50038
297,0,0.50058
298,0,0.50076
299,0,0.50094
300,0,0.50111
301,0,0.50127
302,0,0.50141
303,0,0.50155
304,0,0.50168
305,0,0.50179
306,0,0.5019
307,0,0.502
308,0,0.50208
309,0,0.50216
310,0,0.50223
311,2.8058,0.50228
312,2.8068,0.50233
313,2.8078,0.50237
314,2.8088,0.50239
315,2.8097,0.50241
316,2.8107,0.50242
317,2.8116,0.50241
318,2.8125,0.5024
319,2.8135,0.50238
320,2.8144,0.50234
321,2.8152,0.5023
322,2.8161,0.50225
323,2.8168,0.50218
324,2.8176,0.50211
325,2.8184,0.50202
326,2.8191,0.50193
327,2.8199,0.50182
328,2.8206,0.50171
329,2.8213,0.50159
330,2.822,0.50145
331,2.8226,0.50131
332,2.8233,0.50115
333,2.8239,0.50099
334,2.8246,0.50081
335,2.8252,0.50063
336,2.8258,0.50043
337,2.8264,0.50023
338,2.827,0.50002
339,2.8276,0.49979
340,2.8282,0.49956
341,2.8288,0.49931
342,2.8294,0.49906
343,2.83,0.49879
344,2.8306,0.49852
345,2.8313,0.49823
346,2.8319,0.49794
347,2.8326,0.49763
348,2.8333,0.49731
349,2.834,0.49699
350,2.8348,0.49665
351,2.8356,0.49631
352,2.8365,0.49595
353,2.8374,0.49559
354,2.8384,0.49521
355,2.8394,0.49483
356,2.8405,0.49443
357,2.8417,0.49402
358,2.8429,0.49361
359,2.8443,0.49318
360,2.8458,0.49275
361,2.8473,0.4923
362,2.8489,0.49184
363,2.8507,0.49138
364,2.8525,0.4909
365,2.8546,0.49042
366,2.8567,0.48992
367,2.8591,0.48941
368,2.8615,0.4889
369,2.8641,0.48837
370,2.8668,0.48783
371,2.8699,0.48729
372,2.873,0.48673
373,2.8764,0.48616
374,2.88,0.48559
375,2.8837,0.485
376,2.8878,0.4844
377,2.8919,0.4838
378,2.8964,0.48318
379,2.9009,0.48255
380,2.9059,0.48192
381,2.911,0.48127
382,2.9164,0.48061
383,2.922,0.47995
384,2.9277,0.47927
385,2.934,0.47858
386,2.9402,0.47788
387,2.9468,0.47718
388,2.9535,0.47646
389,2.9604,0.47573
390,2.9677,0.47499
391,2.975,0.47425
392,2.9827,0.47349
393,2.9904,0.47272
394,2.9982,0.47194
395,3.0062,0.47115
396,3.0143,0.47036
397,3.0226,0.46955
398,3.0309,0.46873
399,3.0392,0.4679
400,3.0476,0.46706
401,3.0561,0.46622
402,3.0644,0.46536
403,3.0728,0.46449
404,3.0811,0.46361
405,3.0892,0.46272
406,3.0973,0.46183
407,3.1053,0.46092
408,3.113,0.46
409,3.1208,0.45907
410,3.1282,0.45813
411,3.1354,0.45718
412,3.1426,0.45622
413,3.1492,0.45525
414,3.1558,0.45428
415,3.1622,0.45329
416,3.1681,0.45229
417,3.1739,0.45128
418,3.1794,0.45026
419,3.1844,0.44923
420,3.1895,0.44819
421,3.1939,0.44714
422,3.1981,0.44608
423,3.2024,0.44501
424,3.2059,0.44393
425,3.2093,0.44284
426,3.2127,0.44175
427,3.2153,0.44064
428,3.218,0.43952
429,3.2206,0.43839
430,3.2224,0.43725
431,3.2243,0.4361
432,3.2261,0.43494
433,3.2273,0.43377
434,3.2285,0.43259
435,3.2297,0.4314
436,3.2302,0.4302
437,3.2308,0.42899
438,3.2313,0.42777
439,3.2314,0.42654
440,3.2315,0.4253
441,3.2315,0.42405
442,3.2312,0.42279
443,3.2308,0.42152
444,3.2304,0.42023
445,3.2297,0.41894
446,3.2289,0.41764
447,3.2282,0.41633
448,3.2273,0.41501
449,3.2262,0.41368
450,3.2251,0.41234
451,3.224,0.41099
452,3.2227,0.40963
453,3.2213,0.40826
454,3.22,0.40688
455,3.2185,0.40549
456,3.217,0.40408
457,3.2155,0.40267
458,3.2139,0.40125
459,3.2122,0.39982
460,3.2105,0.39838
461,3.2088,0.39693
462,3.2071,0.39547
463,3.2053,0.394
464,3.2035,0.39251
465,3.2017,0.39102
466,3.1999,0.38952
467,3.198,0.38801
468,3.1961,0.38649
469,3.1943,0.38495
470,3.1924,0.38341
471,3.1905,0.38186
472,3.1886,0.3803
473,3.1867,0.37873
474,3.1848,0.37714
475,3.1829,0.37555
476,3.1809,0.37395
477,3.179,0.37234
478,3.1771,0.37072
479,3.1751,0.36908
480,3.1732,0.36744
481,3.1713,0.36579
482,3.1693,0.36413
483,3.1674,0.36245
484,3.1655,0.36077
485,3.1636,0.35908
486,3.1617,0.35738
487,3.1598,0.35566
488,3.1579,0.35394
489,3.156,0.35221
490,3.1541,0.35046
491,3.1522,0.34871
492,3.1504,0.34695
493,3.1485,0.34517
494,3.1466,0.34339
495,3.1448,0.3416
496,3.1429,0.3398
497,3.141,0.33846
498,3.1392,0.33711
499,3.1373,0.34176
500,3.1355,0.34642
501,3.1337,0.3411
502,3.1318,0.33574
503,3.13,0.33288
504,3.1282,0.33
505,3.1263,0.33319
506,3.1245,0.33639
507,3.1227,0.33937
508,3.1209,0.34237
509,3.1191,0.34327
510,3.1173,0.34418
511,3.1155,0.33877
512,3.1138,0.33333
513,3.112,0.32976
514,3.1102,0.32617
515,3.1084,0.32464
516,3.1066,0.32311
517,3.1049,0.32769
518,3.1031,0.33228
519,3.1013,0.33259
520,3.0995,0.33289
521,3.0978,0.33121
522,3.096,0.32951
523,3.0942,0.32708
524,3.0925,0.32464
525,3.0907,0.32728
526,3.0889,0.32993
527,3.0871,0.32527
528,3.0854,0.32058
529,3.0836,0.31811
530,3.0818,0.31563
531,3.0801,0.31855
532,3.0783,0.32148
533,3.0766,0.32734
534,3.0748,0.33321
535,3.073,0.33005
536,3.0713,0.32688
537,3.0695,0.32131
538,3.0678,0.31571
539,3.066,0.31743
540,3.0643,0.31916
541,3.0625,0.31546
542,3.0608,0.31175
543,3.059,0.31447
544,3.0573,0.31721
545,3.0556,0.31873
546,3.0538,0.32026
547,3.0521,0.31412
548,3.0504,0.30796
549,3.0487,0.30746
550,3.047,0.30695
551,3.0453,0.30978
552,3.0436,0.31262
553,3.0419,0.31665
554,3.0402,0.3207
555,3.0385,0.31803
556,3.0368,0.31535
557,3.0351,0.316
558,3.0334,0.31665
559,3.0318,0.31256
560,3.0301,0.30846
561,3.0284,0.30468
562,3.0268,0.30087
563,3.0252,0.30141
564,3.0236,0.30195
565,3.022,0.3061
566,3.0204,0.31027
567,3.0189,0.31136
568,3.0173,0.31245
569,3.0158,0.31175
570,3.0142,0.31105
571,3.0127,0.30862
572,3.0111,0.30619
573,3.0097,0.30515
574,3.0082,0.30411
575,3.0067,0.3062
576,3.0052,0.30829
577,3.0037,0.30808
578,3.0023,0.30786
579,3.0009,0.30478
580,2.9995,0.3017
581,2.9981,0.3
582,2.9967,0.29829
583,2.9954,0.29925
584,2.9941,0.3002
585,2.9927,0.30056
586,2.9914,0.30093
587,2.9901,0.29824
588,2.9888,0.29554
589,2.9876,0.29692
590,2.9864,0.29831
591,2.9851,0.29835
592,2.9839,0.29839
593,2.9827,0.29911
594,2.9815,0.29984
595,2.9804,0.29517
596,2.9793,0.29048
597,2.9782,0.2892
598,2.9771,0.28791
599,2.976,0.29329
600,2.9749,0.29869
601,2.9739,0.29696
602,2.9729,0.29523
603,2.9718,0.2945
604,2.9708,0.29376
605,2.9698,0.29372
606,2.9689,0.29368
607,2.9679,0.29188
608,2.967,0.29008
609,2.9661,0.28933
610,2.9651,0.28857
611,2.9642,0.28866
612,2.9634,0.28875
613,2.9625,0.28787
614,2.9617,0.28699
615,2.9608,0.28411
616,2.96,0.28121
617,2.9592,0.28268
618,2.9584,0.28415
619,2.9577,0.28486
620,2.957,0.28557
621,2.9562,0.28522
622,2.9555,0.28487
623,2.9547,0.28458
624,2.9541,0.28429
625,2.9534,0.28489
626,2.9527,0.28549
627,2.9521,0.2815
628,2.9514,0.2775
629,2.9507,0.27993
630,2.9501,0.28237
631,2.9496,0.28202
632,2.949,0.28166
633,2.9484,0.28187
634,2.9478,0.28209
635,2.9473,0.28062
636,2.9467,0.27914
637,2.9462,0.27829
638,2.9457,0.27743
639,2.9452,0.27709
640,2.9447,0.27674
641,2.9442,0.27613
642,2.9437,0.27552
643,2.9432,0.27456
644,2.9428,0.27359
645,2.9424,0.27407
646,2.9419,0.27456
647,2.9415,0.27552
648,2.9411,0.27649
649,2.9407,0.27667
650,2.9403,0.27685
651,2.9399,0.27539
652,2.9396,0.27393
653,2.9392,0.27316
654,2.9388,0.27238
655,2.9385,0.27319
656,2.9381,0.27401
657,2.9378,0.27479
658,2.9375,0.27556
659,2.9372,0.27448
660,2.9369,0.2734
661,2.9366,0.27399
662,2.9363,0.27458
663,2.936,0.27227
664,2.9358,0.26996
665,2.9355,0.27015
666,2.9353,0.27035
667,2.935,0.27074
668,2.9347,0.27112
669,2.9345,0.26953
670,2.9342,0.26793
671,2.934,0.26763
672,2.9339,0.26733
673,2.9337,0.26718
674,2.9335,0.26704
675,2.9333,0.26667
676,2.9331,0.2663
677,2.9329,0.2649
678,2.9327,0.26349
679,2.9326,0.2636
680,2.9324,0.26371
681,2.9323,0.26315
682,2.9321,0.26258
683,2.932,0.26383
684,2.9318,0.26509
685,2.9317,0.26524
686,2.9316,0.26538
687,2.9315,0.26453
688,2.9314,0.26368
689,2.9313,0.26162
690,2.9312,0.25957
691,2.9311,0.25974
692,2.931,0.25991
693,2.9309,0.25874
694,2.9308,0.25756
695,2.9308,0.25804
696,2.9307,0.25851
697,2.9307,0.25855
698,2.9306,0.25858
699,2.9306,0.25729
700,2.9305,0.25599
701,2.9305,0.25596
702,2.9305,0.25594
703,2.9304,0.25686
704,2.9304,0.25778
705,2.9304,0.25396
706,2.9304,0.25012
707,2.9303,0.24996
708,2.9303,0.2498
709,2.9303,0.25208
710,2.9303,0.25437
711,2.9303,0.2523
712,2.9303,0.25023
713,2.9304,0.25214
714,2.9304,0.25406
715,2.9304,0.25349
716,2.9304,0.25291
717,2.9304,0.25198
718,2.9305,0.25104
719,2.9305,0.25107
720,2.9306,0.25111
721,2.9306,0.25111
722,2.9307,0.25111
723,2.9307,0.25011
724,2.9307,0.2491
725,2.9308,0.24811
726,2.9309,0.24711
727,2.9309,0.24866
728,2.931,0.25021
729,2.9311,0.24879
730,2.9311,0.24736
731,2.9312,0.24611
732,2.9313,0.24486
733,2.9314,0.24528
734,2.9314,0.24571
735,2.9315,0.24448
736,2.9316,0.24324
737,2.9317,0.24294
738,2.9318,0.24265
739,2.9319,0.24117
740,2.932,0.23969
741,2.9321,0.24089
742,2.9322,0.2421
743,2.9323,0.24268
744,2.9324,0.24327
745,2.9325,0.24137
746,2.9326,0.23946
747,2.9328,0.23708
748,2.9329,0.23469
749,2.933,0.2326
750,2.9331,0.23051
751,2.9332,0.22737
752,2.9334,0.22423
753,2.9335,0.21997
754,2.9336,0.2157
755,2.9338,0.21249
756,2.9339,0.20927
757,2.934,0.20385
758,2.9342,0.19842
759,2.9343,0.1913
760,2.9344,0.18415
761,2.9345,0.17745
762,2.9347,0.17074
763,2.9348,0.1642
764,2.935,0.15765
765,2.9351,0.15166
766,2.9352,0.14564
767,2.9354,0.13913
768,2.9355,0.13261
769,2.9357,0.12655
770,2.9358,0.12047
771,2.9359,0.11441
772,2.9361,0.10834
773,2.9362,0.10258
774,2.9363,0.096802
775,2.9365,0.091105
776,2.9366,0.085392
777,2.9367,0.080677
778,2.9369,0.075949
779,2.937,0.071122
780,2.9371,0.066282
781,2.9373,0.061934
782,2.9374,0.057575
783,2.9375,0.053677
784,2.9377,0.049769
785,2.9378,0.046258
786,2.9379,0.042738
787,2.938,0.039823
788,2.9382,0.0369
789,2.9383,0.03456
790,2.9384,0.032215
791,2.9385,0.026727
792,2.9386,0.0251
793,2.9387,0.02352
794,2.9388,0.022004
795,2.9389,0.02054
796,2.939,0.019162
797,2.9391,0.01784
798,2.9392,0.016559
799,2.9393,0.015328
800,2.9394,0.014204
801,2.9394,0.013118
802,2.9395,0.012078
803,2.9395,0.011135
804,2.9396,0.010245
805,2.9396,0.0094163
806,2.9396,0.0086361
807,2.9397,0.0079139
808,2.9397,0.0072568
809,2.9397,0.0066313
810,2.9398,0.00606
811,2.9398,0.0055523
812,2.9397,0.0050429
813,2.9397,0.0046025
814,2.9397,0.0041848
815,2.9396,0.0037913
816,2.9396,0.0034585
817,2.9396,0.0031637
818,2.9395,0.0028783
819,2.9395,0.0026101
820,2.9394,0.0023746
821,2.9394,0.0021563
822,2.9393,0.0019622
823,2.9392,0.001786
824,2.9391,0.0016239
825,2.9389,0.0014767
826,2.9388,0.0013557
827,2.9387,0.0012267
828,2.9386,0.0011125
829,2.9385,0.0010189
830,2.9383,0.00092388
831,2.9382,0.0008464
832,2.9381,0.00077412
833,2.938,0.00070786
834,2.9378,0.00064734
835,2.9376,0.00059204
836,2.9374,0.00054172
837,2.9373,0.00049582
838,2.9371,0.00045284
839,2.9369,0.0004134
840,2.9368,0.00037848
841,2.9366,0.00034673
842,2.9364,0.00031767
843,2.9363,0.00029106
844,2.9361,0.00026669
845,2.9359,0.00024453
846,2.9357,0.00022422
847,2.9356,0.00020561
848,2.9354,0.00018857
849,2.9352,0.00017303
850,2.935,0.00015878
851,2.9348,0.00014571
852,2.9347,0.00013377
853,2.9345,0.00012285
854,2.9343,0.00011281
855,2.9341,0.00010361
856,2.934,0.000095209
857,2.9338,0.000087487
858,2.9337,0.000080391
859,2.9335,0.000073923
860,2.9334,0.000067971
861,2.9333,0.000062494
862,2.9331,0.000057499
863,2.933,0.000052902
864,2.9328,0.000048667
865,2.9327,0.000044804
866,2.9325,0.000041245
867,2.9324,0.000037779
868,2.9323,0.000034797
869,2.9322,0.000032052
870,2.932,0.000029521
871,2.9319,0.000027209
872,2.9318,0.000025076
873,2.9317,0.000023111
874,2.9315,0.000021312
875,2.9314,0.00001965
876,2.9313,0.000018125
877,2.9312,0.000016721
878,2.9311,0.000015423
879,2.9309,0.000014237
880,2.9308,0.00001314
881,2.9307,0.00001213
882,2.9306,0.000011201
883,2.9306,0.000010341
884,2.9305,0.0000095549
885,2.9304,0.0000088261
886,2.9303,0.0000081559
887,2.9302,0.0000075378
888,2.9301,0.0000069663
889,2.93,0.0000064418
890,2.9299,0.0000059549
891,2.9298,0.0000055088
892,2.9297,0.000005095
893,2.9296,0.0000047141
894,2.9295,0.000004362
895,2.9294,0.0000040368
896,2.9293,0.0000037371
897,2.9292,0.0000034416
898,2.9291,0.0000031878
899,2.9291,0.0000029518
900,2.929,0.0000027347
901,2.9289,0.0000025333
902,2.9288,0.0000023476
903,2.9287,0.0000021756
904,2.9286,0.0000020167
905,2.9285,0.0000018696
906,2.9284,0.0000017336
907,2.9283,0.0000016077
908,2.9282,0.0000014913
909,2.9281,0.0000013835
910,2.9279,0.0000012837
911,2.9278,0.0000011913
912,2.9277,0.0000011058
913,2.9276,0.0000010265
914,2.9275,0.0000009531
915,2.9274,0.00000088503
916,2.9273,0.00000082208
917,2.9272,0.00000076357
918,2.927,0.00000070952
919,2.9269,0.00000065919
920,2.9267,0.00000061278
921,2.9266,0.00000056944
922,2.9264,0.00000052956
923,2.9263,0.00000049228
924,2.9261,0.00000045792
925,2.9259,0.0000004251
926,2.9258,0.00000039544
927,2.9256,0.0000003679
928,2.9255,0.00000034219
929,2.9253,0.00000031851
930,2.9252,0.00000029644
931,2.925,0.00000027597
932,2.9248,0.00000025684
933,2.9246,0.00000023926
934,2.9244,0.00000022283
935,2.9241,0.00000020749
936,2.9239,0.00000019334
937,2.9236,0.00000018013
938,2.9234,0.00000016788
939,2.9231,0.00000015643
940,2.9229,0.00000014586
941,2.9226,0.000000136
942,2.9224,0.00000012675
943,2.9221,0.00000011825
944,2.9219,0.00000011029
945,2.9217,0.000000071798
946,2.9214,0
947,2.9211,0
948,2.9207,0
949,2.9203,0
950,2.9199,0
951,2.9195,0
952,2.9191,0
953,2.9188,0
954,2.9184,0
955,2.918,0
956,2.9176,0
957,2.9172,0
958,2.9168,0
959,2.9164,0
960,2.916,0
961,2.9156,0
962,2.9151,0
963,2.9145,0
964,2.914,0
965,2.9134,0
966,2.9129,0
967,2.9123,0
968,2.9117,0
969,2.9112,0
970,2.9106,0
971,2.91,0
972,2.9095,0
973,2.9089,0
974,2.9084,0
975,2.9078,0
976,2.9072,0
977,2.9066,0
978,2.9058,0
979,2.9051,0
980,2.9044,0
981,2.9037,0
982,2.9029,0
983,2.9022,0
984,2.9015,0
985,2.9008,0
986,2.9,0
987,2.8993,0
988,2.8986,0
989,2.8979,0
990,2.8972,0
991,2.8964,0
992,2.8957,0
993,2.8949,0
994,2.8942,0
995,2.8934,0
996,2.8926,0
997,2.8918,0
998,2.8911,0
999,2.8903,0
1000,2.8895,0
1001,2.8887,0
1002,2.888,0
1003,2.8872,0
1004,2.8864,0
1005,2.8856,0
1006,2.8849,0
1007,2.8841,0
1008,2.8833,0
1009,2.8825,0
1010,2.8818,0
1011,2.881,0
1012,2.8803,0
1013,2.8795,0
1014,2.8788,0
1015,2.878,0
1016,2.8773,0
1017,2.8765,0
1018,2.8758,0
1019,2.875,0
1020,2.8743,0
1021,2.8735,0
1022,2.8728,0
1023,2.872,0
1024,2.8713,0
1025,2.8706,0
1026,2.8699,0
1027,2.8692,0
1028,2.8685,0
1029,2.8678,0
1030,2.8671,0
1031,2.8665,0
1032,2.8658,0
1033,2.8651,0
1034,2.8644,0
1035,2.8637,0
1036,2.863,0
1037,2.8623,0
1038,2.8617,0
1039,2.861,0
1040,2.8603,0
1041,2.8596,0
1042,2.8589,0
1043,2.8583,0
1044,2.8577,0
1045,2.8571,0
1046,2.8565,0
1047,2.8559,0
1048,2.8553,0
1049,2.8546,0
1050,2.854,0
1051,2.8534,0
1052,2.8528,0
1053,2.8522,0
1054,2.8516,0
1055,2.851,0
1056,2.8504,0
1057,2.8497,0
1058,2.8491,0
1059,2.8485,0
1060,2.8479,0
1061,2.8474,0
1062,2.8468,0
1063,2.8463,0
1064,2.8458,0
1065,2.8452,0
1066,2.8447,0
1067,2.8441,0
1068,2.8436,0
1069,2.843,0
1070,2.8425,0
1071,2.842,0
1072,2.8414,0
1073,2.8409,0
1074,2.8403,0
1075,2.8398,0
1076,2.8393,0
1077,2.8387,0
1078,2.8382,0
1079,2.8377,0
1080,2.8372,0
1081,2.8367,0
1082,2.8362,0
1083,2.8357,0
1084,2.8352,0
1085,2.8347,0
1086,2.8343,0
1087,2.8338,0
1088,2.8333,0
1089,2.8328,0
1090,2.8323,0
1091,2.8318,0
1092,2.8313,0
1093,2.8308,0
1094,2.8304,0
1095,2.8299,0
1096,2.8294,0
1097,2.8289,0
1098,2.8284,0
1099,2.828,0
1100,2.8276,0
1101,2.8271,0
1102,2.8267,0
1103,2.8262,0
1104,2.8258,0
1105,2.8254,0
1106,2.8249,0
1107,2.8245,0
1108,2.824,0
1109,2.8236,0
1110,2.8232,0
1111,2.8227,0
1112,2.8223,0
1113,2.8218,0
1114,2.8214,0
1115,2.821,0
1116,2.8205,0
1117,2.8201,0
1118,2.8197,0
1119,2.8193,0
1120,2.8189,0
1121,2.8185,0
1122,2.8181,0
1123,2.8177,0
1124,2.8174,0
1125,2.817,0
1126,2.8166,0
1127,2.8162,0
1128,2.8158,0
1129,2.8154,0
1130,2.815,0
1131,2.8146,0
1132,2.8142,0
1133,2.8138,0
1134,2.8135,0
1135,2.8131,0
1136,2.8127,0
1137,2.8123,0
1138,2.8119,0
1139,2.8116,0
1140,2.8112,0
1141,2.8109,0
1142,2.8105,0
1143,2.8101,0
1144,2.8098,0
1145,2.8094,0
1146,2.8091,0
1147,2.8087,0
1148,2.8084,0
1149,2.808,0
1150,2.8077,0
1151,2.8073,0
1152,2.807,0
1153,2.8066,0
1154,2.8063,0
1155,2.8059,0
1156,2.8056,0
1157,2.8052,0
1158,2.8049,0
1159,2.8045,0
1160,2.8042,0
1161,2.8039,0
1162,2.8035,0
1163,2.8032,0
1164,2.8029,0
1165,2.8026,0
1166,2.8023,0
1167,2.8019,0
1168,2.8016,0
1169,2.8013,0
1170,2.801,0
1171,2.8007,0
1172,2.8003,0
1173,2.8,0
1174,2.7997,0
1175,2.7994,0
1176,2.799,0
1177,2.7987,0
1178,2.7984,0
1179,2.7981,0
1180,2.7978,0
1181,2.7974,0
1182,2.7972,0
1183,2.7969,0
1184,2.7966,0
1185,2.7963,0
1186,2.796,0
1187,2.7957,0
1188,2.7954,0
1189,2.7951,0
1190,2.7949,0
1191,2.7946,0
1192,2.7943,0
1193,2.794,0
1194,2.7937,0
1195,2.7934,0
1196,2.7931,0
1197,2.7928,0
1198,2.7925,0
1199,2.7923,0
1200,2.792,0
1201,2.7917,0
1202,2.7914,0
1203,2.7911,0
1204,2.7908,0
1205,2.7906,0
1206,2.7903,0
1207,2.79,0
1208,2.7898,0
1209,2.7895,0
1210,2.7892,0
1211,2.789,0
1212,2.7887,0
1213,2.7884,0
1214,2.7882,0
1215,2.7879,0
1216,2.7877,0
1217,2.7874,0
1218,2.7871,0
1219,2.7869,0
1220,2.7866,0
1221,2.7863,0
1222,2.7861,0
1223,2.7858,0
1224,2.7855,0
1225,2.7853,0
1226,2.785,0
1227,2.7847,0
1228,2.7845,0
1229,2.7843,0
1230,2.784,0
1231,2.7838,0
1232,2.7835,0
1233,2.7833,0
1234,2.7831,0
1235,2.7828,0
1236,2.7826,0
1237,2.7824,0
1238,2.7821,0
1239,2.7819,0
1240,2.7816,0
1241,2.7814,0
1242,2.7812,0
1243,2.7809,0
1244,2.7807,0
1245,2.7805,0
1246,2.7802,0
1247,2.78,0
1248,2.7797,0
1249,2.7795,0
1250,2.7793,0
1251,2.779,0
1252,2.7788,0
1253,2.7786,0
1254,2.7783,0
1255,2.7781,0
1256,2.7779,0
1257,2.7777,0
1258,2.7775,0
1259,2.7772,0
1260,2.777,0
1261,2.7768,0
1262,2.7766,0
1263,2.7764,0
1264,2.7761,0
1265,2.7759,0
1266,2.7757,0
1267,2.7755,0
1268,2.7752,0
1269,2.775,0
1270,2.7748,0
1271,2.7746,0
1272,2.7744,0
1273,2.7741,0
1274,2.7739,0
1275,2.7737,0
1276,2.7735,0
1277,2.7733,0
1278,2.773,0
1279,2.7728,0
1280,2.7726,0
1281,2.7724,0
1282,2.7722,0
1283,2.7721,0
1284,2.7719,0
1285,2.7717,0
1286,2.7715,0
1287,2.7713,0
1288,2.7711,0
1289,2.7709,0
1290,2.7707,0
1291,2.7705,0
1292,2.7703,0
1293,2.7701,0
1294,2.7699,0
1295,2.7697,0
1296,2.7695,0
1297,2.7693,0
1298,2.7691,0
1299,2.7689,0
1300,2.7687,0
1301,2.7685,0
1302,2.7683,0
1303,2.7681,0
1304,2.7679,0
1305,2.7677,0
1306,2.7675,0
1307,2.7674,0
1308,2.7672,0
1309,2.767,0
1310,2.7668,0
1311,2.7666,0
1312,2.7664,0
1313,2.7663,0
1314,2.7661,0
1315,2.7659,0
1316,2.7657,0
1317,2.7655,0
1318,2.7654,0
1319,2.7652,0
1320,2.765,0
1321,2.7648,0
1322,2.7646,0
1323,2.7644,0
1324,2.7643,0
1325,2.7641,0
1326,2.7639,0
1327,2.7637,0
1328,2.7635,0
1329,2.7634,0
1330,2.7632,0
1331,2.763,0
1332,2.7628,0
1333,2.7626,0
1334,2.7625,0
1335,2.7623,0
1336,2.7621,0
1337,2.762,0
1338,2.7618,0
1339,2.7616,0
1340,2.7615,0
1341,2.7613,0
1342,2.7611,0
1343,2.761,0
1344,2.7608,0
1345,2.7606,0
1346,2.7605,0
1347,2.7603,0
1348,2.7601,0
1349,2.76,0
1350,2.7598,0
1351,2.7596,0
1352,2.7594,0
1353,2.7593,0
1354,2.7591,0
1355,2.7589,0
1356,2.7588,0
1357,2.7586,0
1358,2.7584,0
1359,2.7583,0
1360,2.7581,0
1361,2.7579,0
1362,2.7578,0
1363,2.7576,0
1364,2.7575,0
1365,2.7573,0
1366,2.7572,0
1367,2.757,0
1368,2.7568,0
1369,2.7567,0
1370,2.7565,0
1371,2.7564,0
1372,2.7562,0
1373,2.7561,0
1374,2.7559,0
1375,2.7558,0
1376,2.7556,0
1377,2.7555,0
1378,2.7553,0
1379,2.7552,0
1380,2.755,0
1381,2.7549,0
1382,2.7547,0
1383,2.7545,0
1384,2.7544,0
1385,2.7542,0
1386,2.7541,0
1387,2.7539,0
1388,2.7538,0
1389,2.7536,0
1390,2.7535,0
1391,2.7533,0
1392,2.7532,0
1393,2.753,0
1394,2.7529,0
1395,2.7527,0
1396,2.7526,0
1397,2.7525,0
1398,2.7523,0
1399,2.7522,0
1400,2.752,0
1401,2.7519,0
1402,2.7518,0
1403,2.7516,0
1404,2.7515,0
1405,2.7514,0
1406,2.7512,0
1407,2.7511,0
1408,2.7509,0
1409,2.7508,0
1410,2.7507,0
1411,2.7505,0
1412,2.7504,0
1413,2.7503,0
1414,2.7501,0
1415,2.75,0
1416,2.7499,0
1417,2.7497,0
1418,2.7496,0
1419,2.7494,0
1420,2.7493,0
1421,2.7492,0
1422,2.749,0
1423,2.7489,0
1424,2.7488,0
1425,2.7486,0
1426,2.7485,0
1427,2.7484,0
1428,2.7482,0
1429,2.7481,0
1430,2.748,0
1431,2.7478,0
1432,2.7477,0
1433,2.7476,0
1434,2.7475,0
1435,2.7473,0
1436,2.7472,0
1437,2.7471,0
1438,2.7469,0
1439,2.7468,0
1440,2.7467,0
1441,2.7466,0
1442,2.7464,0
1443,2.7463,0
1444,2.7462,0
1445,2.746,0
1446,2.7459,0
1447,2.7458,0
1448,2.7457,0
1449,2.7455,0
1450,2.7454,0
1451,2.7453,0
1452,2.7452,0
1453,2.745,0
1454,2.7449,0
1455,2.7448,0
1456,2.7446,0
1457,2.7445,0
1458,2.7444,0
1459,2.7443,0
1460,2.7441,0
1461,2.744,0
1462,2.7439,0
1463,2.7438,0
1464,2.7437,0
1465,2.7436,0
1466,2.7435,0
1467,2.7433,0
1468,2.7432,0
1469,2.7431,0
1470,2.743,0
1471,2.7429,0
1472,2.7428,0
1473,2.7427,0
1474,2.7426,0
1475,2.7424,0
1476,2.7423,0
1477,2.7422,0
1478,2.7421,0
1479,2.742,0
1480,2.7419,0
1481,2.7418,0
1482,2.7416,0
1483,2.7415,0
1484,2.7414,0
1485,2.7413,0
1486,2.7412,0
1487,2.7411,0
1488,2.741,0
1489,2.7408,0
1490,2.7407,0
1491,2.7406,0
1492,2.7405,0
1493,2.7404,0
1494,2.7403,0
1495,2.7402,0
1496,2.7401,0
1497,2.74,0
1498,2.7399,0
1499,2.7397,0
1500,2.7396,0
1501,2.7395,0
1502,2.7394,0
1503,2.7393,0
1504,2.7392,0
1505,2.7391,0
1506,2.739,0
1507,2.7389,0
1508,2.7388,0
1509,2.7387,0
1510,2.7386,0
1511,2.7385,0
1512,2.7384,0
1513,2.7383,0
1514,2.7382,0
1515,2.7381,0
1516,2.738,0
1517,2.7378,0
1518,2.7377,0
1519,2.7376,0
1520,2.7375,0
1521,2.7374,0
1522,2.7373,0
1523,2.7372,0
1524,2.7371,0
1525,2.737,0
1526,2.7369,0
1527,2.7368,0
1528,2.7367,0
1529,2.7366,0
1530,2.7365,0
1531,2.7364,0
1532,2.7363,0
1533,2.7362,0
1534,2.7361,0
1535,2.736,0
1536,2.7359,0
1537,2.7358,0
1538,2.7357,0
1539,2.7356,0
1540,2.7355,0
1541,2.7354,0
1542,2.7353,0
1543,2.7352,0
1544,2.7351,0
1545,2.735,0
1546,2.7349,0
1547,2.7348,0
1548,2.7347,0
1549,2.7346,0
1550,2.7345,0
1551,2.7344,0
1552,2.7343,0
1553,2.7342,0
1554,2.7341,0
1555,2.734,0
1556,2.7339,0
1557,2.7338,0
1558,2.7337,0
1559,2.7336,0
1560,2.7335,0
1561,2.7334,0
1562,2.7333,0
1563,2.7332,0
1564,2.7331,0
1565,2.733,0
1566,2.7329,0
1567,2.7328,0
1568,2.7327,0
1569,2.7326,0
1570,2.7326,0
1571,2.7325,0
1572,2.7324,0
1573,2.7323,0
1574,2.7322,0
1575,2.7321,0
1576,2.732,0
1577,2.7319,0
1578,2.7319,0
1579,2.7318,0
1580,2.7317,0
1581,2.7316,0
1582,2.7315,0
1583,2.7314,0
1584,2.7313,0
1585,2.7313,0
1586,2.7312,0
1587,2.7311,0
1588,2.731,0
1589,2.7309,0
1590,2.7308,0
1591,2.7307,0
1592,2.7307,0
1593,2.7306,0
1594,2.7305,0
1595,2.7304,0
1596,2.7303,0
1597,2.7302,0
1598,2.7301,0
1599,2.7301,0
1600,2.73,0
1601,2.7299,0
1602,2.7298,0
1603,2.7297,0
1604,2.7296,0
1605,2.7295,0
1606,2.7295,0
1607,2.7294,0
1608,2.7293,0
1609,2.7292,0
1610,2.7291,0
1611,2.729,0
1612,2.729,0
1613,2.7289,0
1614,2.7288,0
1615,2.7287,0
1616,2.7286,0
1617,2.7285,0
1618,2.7285,0
1619,2.7284,0
1620,2.7283,0
1621,2.7282,0
1622,2.7281,0
1623,2.7281,0
1624,2.728,0
1625,2.7279,0
1626,2.7278,0
1627,2.7277,0
1628,2.7276,0
1629,2.7276,0
1630,2.7275,0
1631,2.7274,0
1632,2.7273,0
1633,2.7272,0
1634,2.7272,0
1635,2.7271,0
1636,2.727,0
1637,2.7269,0
1638,2.7268,0
1639,2.7268,0
1640,2.7267,0
1641,2.7266,0
1642,2.7265,0
1643,2.7264,0
1644,2.7263,0
1645,2.7263,0
1646,2.7262,0
1647,2.7261,0
1648,2.726,0
1649,2.7259,0
1650,2.7259,0
1651,2.7258,0
1652,2.7257,0
1653,2.7256,0
1654,0,0
1655,0,0
1656,0,0
1657,0,0
1658,0,0
1659,0,0
1660,0,0
1661,0,0
1662,0,0
1663,0,0
1664,0,0
1665,0,0
1666,0,0
1667,0,0
1668,0,0
1669,0,0
1670,0,0
1671,0,0
1672,0,0
1673,0,0
1674,0,0
1675,0,0
1676,0,0
1677,0,0
1678,0,0
1679,0,0
1680,0,0
1681,0,0
1682,0,0
1683,0,0
1684,0,0
1685,0,0
1686,0,0
1687,0,0
1688,0,0
1689,0,0
1690,0,0
1691,0,0
1692,0,0
1693,0,0
1694,0,0
1695,0,0
1696,0,0
1697,0,0
1698,0,0
1699,0,0
1700,0,0
1701,0,0
1702,0,0
1703,0,0
1704,0,0
1705,0,0
1706,0,0
1707,0,0
1708,0,0
1709,0,0
1710,0,0
1711,0,0
1712,0,0
1713,0,0
1714,0,0
1715,0,0
1716,0,0
1717,0,0
1718,0,0
1719,0,0
1720,0,0
1721,0,0
1722,0,0
1723,0,0
1724,0,0
1725,0,0
1726,0,0
1727,0,0
1728,0,0
1729,0,0
1730,0,0
1731,0,0
1732,0,0
1733,0,0
1734,0,0
1735,0,0
1736,0,0
1737,0,0
1738,0,0
1739,0,0
1740,0,0
1741,0,0
1742,0,0
1743,0,0
1744,0,0
1745,0,0
1746,0,0
1747,0,0
1748,0,0
1749,0,0
1750,0,0
