200,-0.3045716286
201,0.166857605
202,0.136958046
203,-0.04975719452
204,0.1828928947
205,0.09574189186
206,0.04481047153
207,0.1104036808
208,0.1304982948
209,0.1576079273
210,0.09282507896
211,0.1677549934
212,0.106709671
213,0.116108532
214,0.1355981064
215,0.1196159077
216,0.1053131866
217,0.1536185169
218,0.1258103085
219,0.1084573936
220,0.1603652763
221,0.1481101799
222,0.1078092384
223,0.1544242096
224,0.1741184998
225,0.1326860523
226,0.1779166985
227,0.1606511688
228,0.185091114
229,0.1872912788
230,0.1584349823
231,0.1784595871
232,0.1601988602
233,0.1798052406
234,0.1928853607
235,0.1802676773
236,0.1824230003
237,0.1952343559
238,0.2022246933
239,0.1786246681
240,0.1792359352
241,0.1983539963
242,0.1811636734
243,0.1640355492
244,0.1751602554
245,0.1892576027
246,0.1787790871
247,0.1675359535
248,0.1807331848
249,0.1746278763
250,0.1591015911
251,0.1498153687
252,0.1482845974
253,0.1347220802
254,0.1298790741
255,0.1206729603
256,0.1253520203
257,0.1204955769
258,0.1128530312
259,0.1236880016
260,0.1179810238
261,0.1143414402
262,0.117075634
263,0.1235264969
264,0.1042786789
265,0.1231681061
266,0.1209707451
267,0.1117648792
268,0.1230011177
269,0.1173523617
270,0.1070782089
271,0.109795208
272,0.1184798622
273,0.1096349525
274,0.115529356
275,0.1075136757
276,0.113455286
277,0.1253154469
278,0.1256607819
279,0.1112398911
280,0.1282879829
281,0.119962759
282,0.1036326313
283,0.1128837204
284,0.1220215321
285,0.1152020836
286,0.1189891624
287,0.1122493553
288,0.1085477543
289,0.123050909
290,0.1144552422
291,0.1183473206
292,0.1213052082
293,0.1308953571
294,0.1076754093
295,0.1187848568
296,0.107343111
297,0.1127832222
298,0.1074664402
299,0.1132256794
300,0.0959901619
301,0.1278108501
302,0.1133081436
303,0.1019029903
304,0.1174550629
305,0.1153174496
306,0.1026473904
307,0.1154689407
308,0.1218686199
309,0.09007176399
310,0.09748239517
311,0.1133584499
312,0.09935817719
313,0.1179741287
314,0.1193862343
315,0.1135940361
316,0.0940118885
317,0.1373370266
318,0.1086401081
319,0.1164324474
320,0.122512846
321,0.1083098602
322,0.1140437889
323,0.1453246212
324,0.1027124691
325,0.1021465874
326,0.1249232197
327,0.1087917614
328,0.1182290268
329,0.1327279472
330,0.1032458782
331,0.08908651352
332,0.1315972042
333,0.08334424019
334,0.1171885395
335,0.1257098579
336,0.117897253
337,0.09477233887
338,0.1375828934
339,0.1064330101
340,0.1048343945
341,0.118680706
342,0.1256939125
343,0.1115836239
344,0.07142416477
345,0.1323665047
346,0.07894127846
347,0.1074574566
348,0.1181044102
349,0.08368552208
350,0.1128820324
351,0.1170605564
352,0.1138862419
353,0.1120255566
354,0.1122394753
355,0.1133929157
356,0.1089817142
357,0.109818573
358,0.105818882
359,0.1069358921
360,0.1064764977
361,0.1022069645
362,0.1014235497
363,0.1032643509
364,0.1035867596
365,0.09822047234
366,0.09955420494
367,0.09711813927
368,0.09664470673
369,0.09469781876
370,0.09420975685
371,0.09197476387
372,0.09174933434
373,0.08942055702
374,0.08919813156
375,0.0890950489
376,0.08641084671
377,0.08636163712
378,0.08591043472
379,0.08619742393
380,0.08592327118
381,0.08670791626
382,0.08722308159
383,0.08782268524
384,0.088446455
385,0.08799758911
386,0.08751538277
387,0.09010773659
388,0.08970500946
389,0.09061563492
390,0.09145336151
391,0.09350728989
392,0.09220179558
393,0.09361329079
394,0.09465081215
395,0.09442630768
396,0.0950457859
397,0.09617955208
398,0.09704201698
399,0.09693257332
400,0.09762629509
401,0.09825320244
402,0.1000359154
403,0.1000347805
404,0.09945502281
405,0.09985302925
406,0.1006471825
407,0.1023832512
408,0.1011676502
409,0.1023756123
410,0.100889225
411,0.1017697334
412,0.1020425415
413,0.1023331547
414,0.1011424732
415,0.1029455566
416,0.1029594803
417,0.1023601246
418,0.1020999908
419,0.1023959637
420,0.1027769852
421,0.1021656132
422,0.1016847897
423,0.1016475582
424,0.1012784386
425,0.1009296227
426,0.1015740585
427,0.1006805229
428,0.1002028942
429,0.09966568947
430,0.09919597626
431,0.09943437576
432,0.09892620087
433,0.09874773979
434,0.09839118004
435,0.09747821808
436,0.09745383263
437,0.09699967384
438,0.09636461258
439,0.09556824684
440,0.09479100227
441,0.09471438408
442,0.09467699051
443,0.09336596489
444,0.09265418053
445,0.0926685524
446,0.09239508629
447,0.09143360138
448,0.09086971283
449,0.09008777618
450,0.08959227562
451,0.08893896103
452,0.08843503952
453,0.08848173141
454,0.0873078537
455,0.08673513412
456,0.08592865944
457,0.08558937073
458,0.08470012665
459,0.08417554855
460,0.08338339806
461,0.08338903427
462,0.08271882057
463,0.08211797714
464,0.08153285027
465,0.08100514412
466,0.080388937
467,0.07971660137
468,0.07915207863
469,0.07864554882
470,0.07787080288
471,0.07726571083
472,0.07720588684
473,0.07711030483
474,0.07560805321
475,0.07600281239
476,0.07502635002
477,0.07450078964
478,0.07413592339
479,0.07407833576
480,0.07365833759
481,0.07278198242
482,0.07291328907
483,0.07293550491
484,0.07229111195
485,0.0723462534
486,0.07207013607
487,0.07123708725
488,0.07138742447
489,0.07088024139
490,0.0715803051
491,0.0713025713
492,0.07056829453
493,0.07093458652
494,0.07136765003
495,0.07038269043
496,0.07087911606
497,0.07095304966
498,0.07064407349
499,0.07099100113
500,0.07127781868
501,0.07133387566
502,0.07110074043
503,0.07130078316
504,0.07172272205
505,0.0715682745
506,0.07218636036
507,0.07212399006
508,0.07206921101
509,0.0722516489
510,0.07204230309
511,0.07272802353
512,0.07238910198
513,0.07285753727
514,0.07353611469
515,0.07258628368
516,0.07351898193
517,0.07297608376
518,0.07300525188
519,0.0734249115
520,0.07295289516
521,0.07326185703
522,0.07324188232
523,0.07313447475
524,0.07337441444
525,0.07282677174
526,0.07286628246
527,0.07348909855
528,0.07311245918
529,0.07307567596
530,0.07227016926
531,0.07260211468
532,0.07250567436
533,0.07250188828
534,0.07213564396
535,0.07187411785
536,0.07236764431
537,0.07218501568
538,0.07201212883
539,0.07176054955
540,0.07151838303
541,0.07093777657
542,0.07141718864
543,0.07059309006
544,0.07069908142
545,0.0708323431
546,0.07150714874
547,0.07052144527
548,0.07055319786
549,0.07014838696
550,0.0702708149
551,0.0696354723
552,0.07002444744
553,0.06983780861
554,0.06979088306
555,0.06923280716
556,0.06932914257
557,0.06960970879
558,0.0694758749
559,0.06917586327
560,0.06889642715
561,0.06889933586
562,0.06865665436
563,0.0683351326
564,0.06834998131
565,0.06851760864
566,0.06856184959
567,0.06826189041
568,0.06824094772
569,0.06849674225
570,0.06795166969
571,0.06825704098
572,0.06744910717
573,0.06790236473
574,0.06800757885
575,0.06755180836
576,0.06783313274
577,0.06777143478
578,0.06776275635
579,0.06804594994
580,0.06789562702
581,0.06752121449
582,0.0679404211
583,0.06787178516
584,0.06719805241
585,0.06765089035
586,0.06776616573
587,0.06760467052
588,0.06773019791
589,0.06753312588
590,0.06754826546
591,0.06757210732
592,0.06775408745
593,0.06768456936
594,0.06789745331
595,0.0677317524
596,0.0678774929
597,0.06795754433
598,0.06801477909
599,0.06819125175
600,0.06785667896
601,0.06830089569
602,0.06839743137
603,0.0684082222
604,0.06836432934
605,0.0680750227
606,0.06856488228
607,0.06871562481
608,0.0690433836
609,0.0687480402
610,0.06885684967
611,0.0690336132
612,0.06900837898
613,0.06918112278
614,0.06920538902
615,0.06968215942
616,0.06954702854
617,0.06957947254
618,0.06991044998
619,0.06990669727
620,0.06995598793
621,0.07017838001
622,0.07041737556
623,0.07051257133
624,0.07065218925
625,0.07052379608
626,0.0710395956
627,0.07097849846
628,0.07115703583
629,0.07123147488
630,0.07196726799
631,0.07200659275
632,0.07176108837
633,0.07162965298
634,0.07229918957
635,0.07223552704
636,0.07253249168
637,0.07243275642
638,0.07257902622
639,0.07259521484
640,0.07325891495
641,0.0732795763
642,0.07330497265
643,0.07346155643
644,0.07393280983
645,0.07399652004
646,0.07401981831
647,0.07400374889
648,0.07434508324
649,0.074899683
650,0.07464864254
651,0.07497616768
652,0.07532396793
653,0.07505291939
654,0.07542844296
655,0.07572658539
656,0.0757240057
657,0.07612877846
658,0.07610342026
659,0.07637694359
660,0.07671169758
661,0.07675042152
662,0.07691254616
663,0.07739285469
664,0.07768974304
665,0.07770113468
666,0.07739435673
667,0.07782092094
668,0.07823353291
669,0.07795978546
670,0.07864557266
671,0.07847567081
672,0.07909003735
673,0.07937403202
674,0.07899590492
675,0.0790783453
676,0.07941486835
677,0.07956364155
678,0.0792868042
679,0.08016681671
680,0.08031819344
681,0.08022768974
682,0.08000879288
683,0.08142291069
684,0.08105540276
685,0.08159981728
686,0.08150013924
687,0.08151301384
688,0.08212862015
689,0.0818932724
690,0.08190265656
691,0.08219661713
692,0.08224102974
693,0.08253082275
694,0.08328216553
695,0.08258136749
696,0.08287110329
697,0.08410238266
698,0.08336754799
699,0.08321051598
700,0.08433750153
701,0.08389752388
702,0.08366823196
703,0.08416766167
704,0.08458806992
705,0.08506844521
706,0.08505167961
707,0.08509361267
708,0.0842496109
709,0.08584339142
710,0.0865230751
711,0.08630640984
712,0.08644011497
713,0.08629527092
714,0.08566340446
715,0.08708040237
716,0.08630945206
717,0.08587767601
718,0.08659450531
719,0.08711517334
720,0.08672232628
721,0.08821713448
722,0.08723482132
723,0.08827783585
724,0.08663743019
725,0.08706090927
726,0.08763063431
727,0.08860752106
728,0.08766780853
729,0.08804197311
730,0.08705901146
731,0.08829771996
732,0.08689494133
733,0.08956682205
734,0.08877708435
735,0.08816961288
736,0.09099523544
737,0.089346838
738,0.08759249687
739,0.08922870636
740,0.09092777252
741,0.09019147873
742,0.08979958534
743,0.09058927536
744,0.0903080368
745,0.09324198723
746,0.09186506271
747,0.09296162605
748,0.0921334362
749,0.09512872696
750,0.09051589966
751,0.09586847305
752,0.0934397316
753,0.09099886894
754,0.09369680405
755,0.09256817818
756,0.0936208725
757,0.09348545074
758,0.09194401741
759,0.09292965889
760,0.09562838554
761,0.09471881866
762,0.09331755638
763,0.09473427773
764,0.09626594543
765,0.09316166878
766,0.0929156208
767,0.09610937119
768,0.09539823532
769,0.09495765686
770,0.09447967529
771,0.09276099205
772,0.09668266296
773,0.09630854607
774,0.09780718803
775,0.1006064987
776,0.09972798347
777,0.1046092224
778,0.1024543762
779,0.1130074596
780,0.1088541317
781,0.1132815075
782,0.117883358
783,0.12056633
784,0.1196547031
785,0.1232959843
786,0.1208415604
787,0.1203869629
788,0.1254702187
789,0.123610487
790,0.1213090038
791,0.1238709164
792,0.1194352722
793,0.1203865528
794,0.1200384235
795,0.1180421066
796,0.1235691833
797,0.1225885868
798,0.1240163803
799,0.1306132698
800,0.166949501
801,0.1636354065
802,0.1685338593
803,0.1717964935
804,0.1718097305
805,0.1759700394
806,0.1852747726
807,0.1846413612
808,0.1828345871
809,0.1830894279
810,0.1874022865
811,0.1912122154
812,0.1895787811
813,0.1889430618
814,0.1924996567
815,0.1939017868
816,0.19407938
817,0.196637249
818,0.1963101578
819,0.193420639
820,0.1899364662
821,0.1928842735
822,0.1875484657
823,0.1896796989
824,0.1850191879
825,0.1885425949
826,0.1891359711
827,0.1844970894
828,0.1775374413
829,0.1798676109
830,0.1765936089
831,0.1780935478
832,0.1757280731
833,0.1721191025
834,0.1700961685
835,0.1718607712
836,0.1703641891
837,0.175737896
838,0.1742108727
839,0.1725224113
840,0.1695154381
841,0.176364727
842,0.1761153984
843,0.1762802505
844,0.1780941772
845,0.1765796661
846,0.1804756165
847,0.1817021561
848,0.1824276352
849,0.1849257088
850,0.1861157036
851,0.1894262505
852,0.1926132774
853,0.1950552368
854,0.195333252
855,0.1981860161
856,0.2003469658
857,0.2018216324
858,0.2026261139
859,0.2057106972
860,0.2065933418
861,0.2092801094
862,0.2079714012
863,0.2109259987
864,0.2084656906
865,0.208992424
866,0.2084938431
867,0.2095648575
868,0.2077411652
869,0.2063821983
870,0.2067769051
871,0.2036724854
872,0.2013590622
873,0.2019321251
874,0.1981682396
875,0.1974411964
876,0.1952701187
877,0.1918273926
878,0.1900214386
879,0.187103653
880,0.1850005722
881,0.1827041817
882,0.1798205376
883,0.1761428642
884,0.1744831085
885,0.1718451309
886,0.171461277
887,0.1672432327
888,0.1671014214
889,0.1639597893
890,0.1618560791
891,0.1607918739
892,0.1599010372
893,0.1590498734
894,0.1585568333
895,0.1569477177
896,0.1568339729
897,0.1567958164
898,0.1582129478
899,0.1580870438
900,0.1584379673
901,0.159204216
902,0.1603635406
903,0.1616468048
904,0.1631005096
905,0.1646969414
906,0.1670631981
907,0.1683662033
908,0.1712190437
909,0.1739212036
910,0.1758253288
911,0.1783064842
912,0.1810372925
913,0.183181591
914,0.1860554314
915,0.1884731483
916,0.1914579964
917,0.1936970901
918,0.1964084816
919,0.1992772293
920,0.201496315
921,0.2040979385
922,0.2063527298
923,0.2084644318
924,0.2105013084
925,0.2119436646
926,0.2135339737
927,0.2149511909
928,0.2164541054
929,0.2170941353
930,0.2178576088
931,0.2185812759
932,0.2192532349
933,0.2190863228
934,0.2195232964
935,0.2186577225
936,0.2181749153
937,0.2173956108
938,0.2168346024
939,0.2153192329
940,0.2140371704
941,0.212248497
942,0.2111224174
943,0.208990078
944,0.2068504524
945,0.2048493958
946,0.2028280258
947,0.2005816269
948,0.197888546
949,0.1953570175
950,0.1928604698
951,0.1899131775
952,0.187251358
953,0.1842523956
954,0.1819945526
955,0.179209137
956,0.1765106964
957,0.1739488602
958,0.1711061096
959,0.1690708351
960,0.1663896942
961,0.164282093
962,0.1623348808
963,0.1601618576
964,0.1582253742
965,0.156731739
966,0.1553232384
967,0.1540888214
968,0.152754097
969,0.1520073414
970,0.1511725044
971,0.1505192184
972,0.1502964973
973,0.1499532509
974,0.1498965168
975,0.1502626801
976,0.1506954288
977,0.1512907314
978,0.1521235561
979,0.1529099655
980,0.1542339039
981,0.1557361507
982,0.1573033524
983,0.1588702488
984,0.1607098961
985,0.1626247787
986,0.1648042297
987,0.1672865105
988,0.1693609428
989,0.1718346214
990,0.1743257713
991,0.1770625877
992,0.1794326782
993,0.1821815872
994,0.1848733521
995,0.1874252319
996,0.1903121758
997,0.1930429459
998,0.1955142403
999,0.1977879143
1000,0.2004319572
1001,0.2028668404
1002,0.2054655075
1003,0.2078755569
1004,0.2099269867
1005,0.212039814
1006,0.2139838219
1007,0.2159633064
1008,0.2176803017
1009,0.2191268539
1010,0.2206663322
1011,0.2220966148
1012,0.2231497383
1013,0.2240206528
1014,0.2248453331
1015,0.2257448387
1016,0.22608675
1017,0.2262669563
1018,0.2265882874
1019,0.2266433334
1020,0.2264048004
1021,0.2259864044
1022,0.2255254173
1023,0.2249775696
1024,0.224217968
1025,0.2233156395
1026,0.2222753525
1027,0.2209643936
1028,0.219747715
1029,0.2182038879
1030,0.216584034
1031,0.2151029968
1032,0.2132029343
1033,0.2113946724
1034,0.2093911362
1035,0.2073108101
1036,0.2052408409
1037,0.2032770157
1038,0.2008490181
1039,0.1988452721
1040,0.1965770912
1041,0.1941993713
1042,0.1918205833
1043,0.1897085381
1044,0.1875266075
1045,0.1852454185
1046,0.1832006645
1047,0.1807609558
1048,0.1787411499
1049,0.1766261482
1050,0.1749201393
1051,0.1728038406
1052,0.1710114861
1053,0.169173317
1054,0.1675585556
1055,0.1660557556
1056,0.164645462
1057,0.1631795692
1058,0.1619754791
1059,0.160935173
1060,0.159983263
1061,0.1591731167
1062,0.1584388638
1063,0.1578951168
1064,0.1573528767
1065,0.1571523285
1066,0.1569927788
1067,0.1568592167
1068,0.1569298172
1069,0.1571966553
1070,0.1576783943
1071,0.1581066704
1072,0.1587837315
1073,0.1593954372
1074,0.1602214813
1075,0.1611956596
1076,0.1624430084
1077,0.1634786606
1078,0.164665184
1079,0.1660393715
1080,0.1675324059
1081,0.1691415024
1082,0.1705974007
1083,0.1723147202
1084,0.1740491486
1085,0.1757308578
1086,0.1775160217
1087,0.179460907
1088,0.181330986
1089,0.18324543
1090,0.1850805283
1091,0.1870331192
1092,0.1890248871
1093,0.190953598
1094,0.1927552223
1095,0.1947636223
1096,0.196570015
1097,0.198308506
1098,0.2002089691
1099,0.2020418739
1100,0.2038341522
1101,0.2053708076
1102,0.2069278908
1103,0.2086108971
1104,0.2100798416
1105,0.2114982796
1106,0.2128614426
1107,0.2141049194
1108,0.215419426
1109,0.2166580582
1110,0.2175438309
1111,0.2185307503
1112,0.2194947243
1113,0.2202863121
1114,0.2209903526
1115,0.2217149353
1116,0.222287159
1117,0.2226752853
1118,0.2230329895
1119,0.2233408928
1120,0.2234707832
1121,0.2235766029
1122,0.2235112762
1123,0.2234634972
1124,0.2232372093
1125,0.222969532
1126,0.2227149391
1127,0.2222911644
1128,0.2217507744
1129,0.2212706947
1130,0.2206049919
1131,0.2198877907
1132,0.2191514587
1133,0.2183758163
1134,0.2174703026
1135,0.216540432
1136,0.2155449867
1137,0.2145137787
1138,0.2134327888
1139,0.2124353409
1140,0.211252861
1141,0.2102404594
1142,0.2091085243
1143,0.2078097153
1144,0.2066475487
1145,0.205445385
1146,0.2042459106
1147,0.2031413841
1148,0.2017911148
1149,0.2005668449
1150,0.1994145584
1151,0.1982745934
1152,0.1970343399
1153,0.1959649086
1154,0.1949641037
1155,0.1939028931
1156,0.1929579735
1157,0.1917902374
1158,0.1909030914
1159,0.1899641991
1160,0.1891836929
1161,0.1884012794
1162,0.187713871
1163,0.1870342827
1164,0.1865074348
1165,0.1859518242
1166,0.185413475
1167,0.1849932098
1168,0.1846855736
1169,0.1843155098
1170,0.1841592598
1171,0.1839657593
1172,0.1839084053
1173,0.1839345932
1174,0.1840263367
1175,0.1842017746
1176,0.1844422913
1177,0.1847406197
1178,0.1850081825
1179,0.1854014015
1180,0.1859005928
1181,0.1864200211
1182,0.1870027542
1183,0.1876450539
1184,0.1883827591
1185,0.189089222
1186,0.1901212502
1187,0.1908598137
1188,0.1917789268
1189,0.1927067184
1190,0.1937912178
1191,0.1947971916
1192,0.1958913422
1193,0.1969229698
1194,0.1981158447
1195,0.1992868233
1196,0.2005334091
1197,0.2015848732
1198,0.2027939415
1199,0.2040639496
1200,0.205359478
1201,0.2064089012
1202,0.2076495552
1203,0.2088306618
1204,0.2100537872
1205,0.2111353302
1206,0.2123521233
1207,0.213393364
1208,0.2145842934
1209,0.2156424904
1210,0.2167011833
1211,0.2177977943
1212,0.2186809921
1213,0.2195654869
1214,0.2205379105
1215,0.2214026642
1216,0.2221846581
1217,0.2230383682
1218,0.2237158012
1219,0.2243664932
1220,0.2250642395
1221,0.2256508827
1222,0.2261403656
1223,0.2266765785
1224,0.2270505142
1225,0.2274828148
1226,0.2277286911
1227,0.2280309296
1228,0.2282312584
1229,0.2283348465
1230,0.228457756
1231,0.2285335732
1232,0.2285661888
1233,0.2285054398
1234,0.2284605217
1235,0.2283077049
1236,0.2280401611
1237,0.2277793503
1238,0.2274982834
1239,0.2271606064
1240,0.2267333221
1241,0.2262945366
1242,0.2258854675
1243,0.2252569771
1244,0.2248395348
1245,0.2241872597
1246,0.2235820389
1247,0.222862339
1248,0.2222227478
1249,0.2214288712
1250,0.2207157898
1251,0.2199928284
1252,0.2190987206
1253,0.2183082581
1254,0.2174535942
1255,0.2165056801
1256,0.21573349
1257,0.2147501183
1258,0.2139177132
1259,0.2129819107
1260,0.21205616
1261,0.211089077
1262,0.2101958656
1263,0.2091580009
1264,0.2082170868
1265,0.2074808693
1266,0.2064078331
1267,0.2055891418
1268,0.2047196198
1269,0.2038171577
1270,0.2030512047
1271,0.2022155952
1272,0.2012358475
1273,0.2004299164
1274,0.1997450638
1275,0.1989852333
1276,0.198284874
1277,0.1976985931
1278,0.1970131874
1279,0.1965011597
1280,0.1958754158
1281,0.1954195976
1282,0.1949636269
1283,0.1945625687
1284,0.1942859077
1285,0.1939819908
1286,0.1936678696
1287,0.1935471725
1288,0.1934738541
1289,0.1933403778
1290,0.193272171
1291,0.1934599495
1292,0.1935803986
1293,0.1936835098
1294,0.1939533615
1295,0.1942765427
1296,0.1945362282
1297,0.1950330734
1298,0.1955598831
1299,0.1961020279
1300,0.1967858124
1301,0.1974236107
1302,0.1982634354
1303,0.1991430664
1304,0.200052433
1305,0.2009733582
1306,0.2020181465
1307,0.203109436
1308,0.2041973686
1309,0.2053739357
1310,0.2067494583
1311,0.2080410385
1312,0.2093824005
1313,0.2108852196
1314,0.2123006821
1315,0.2138916016
1316,0.2154340744
1317,0.2171010017
1318,0.2189649963
1319,0.220522747
1320,0.2223150826
1321,0.2241366768
1322,0.2260143661
1323,0.2279239845
1324,0.2298415947
1325,0.2317774963
1326,0.2337353897
1327,0.2356361771
1328,0.2377182579
1329,0.2396933174
1330,0.2416816711
1331,0.2437675667
1332,0.2456326485
1333,0.2477922821
1334,0.2497621155
1335,0.251722641
1336,0.253793354
1337,0.2558047104
1338,0.2577874756
1339,0.25967062
1340,0.2615769577
1341,0.2635551071
1342,0.2653354073
1343,0.2672255707
1344,0.2692111206
1345,0.2710170746
1346,0.2726993179
1347,0.2745340729
1348,0.2762173462
1349,0.2779174423
1350,0.2795326424
1351,0.2811969185
1352,0.2828498268
1353,0.2843222618
1354,0.2856171989
1355,0.2869919205
1356,0.2882731628
1357,0.2896163177
1358,0.2907567978
1359,0.2918408775
1360,0.2928030777
1361,0.293636322
1362,0.2945534515
1363,0.2952739334
1364,0.2960501289
1365,0.2965291405
1366,0.2970373344
1367,0.2973782158
1368,0.2978441048
1369,0.2981693077
1370,0.2982770729
1371,0.2984883881
1372,0.2983596611
1373,0.2985207748
1374,0.2981923485
1375,0.2981413078
1376,0.2980343437
1377,0.297645359
1378,0.2973744011
1379,0.2966875648
1380,0.2961543846
1381,0.2954377747
1382,0.2945704842
1383,0.2937601852
1384,0.2928992844
1385,0.2919617081
1386,0.2908858871
1387,0.2898641205
1388,0.2886656189
1389,0.2874622917
1390,0.2861673164
1391,0.2847499275
1392,0.2831970406
1393,0.2816508675
1394,0.2797604561
1395,0.2778850555
1396,0.2761345863
1397,0.2742696953
1398,0.2721366501
1399,0.2704065514
1400,0.2683580017
1401,0.2663499641
1402,0.2642557335
1403,0.2621663284
1404,0.2600591278
1405,0.2576837158
1406,0.2554425049
1407,0.2529479599
1408,0.2504934311
1409,0.2479350471
1410,0.2455498695
1411,0.2431167603
1412,0.2405748558
1413,0.2380992889
1414,0.2356723022
1415,0.233133564
1416,0.2307621002
1417,0.2282645798
1418,0.2256081009
1419,0.2231900787
1420,0.2206609154
1421,0.2182381821
1422,0.2156873131
1423,0.2133330345
1424,0.2107390976
1425,0.2083377266
1426,0.2059551048
1427,0.2035713577
1428,0.2011381912
1429,0.1987217522
1430,0.1965784645
1431,0.1941082954
1432,0.191784668
1433,0.1896406364
1434,0.1873216057
1435,0.1851385307
1436,0.1831422234
1437,0.1810243225
1438,0.1789611244
1439,0.1769521904
1440,0.175056076
1441,0.1730467987
1442,0.1713236618
1443,0.169732132
1444,0.1680096626
1445,0.1663878441
1446,0.1649165535
1447,0.1634355545
1448,0.1619846725
1449,0.1608042526
1450,0.1596553898
1451,0.1585240555
1452,0.1575931931
1453,0.1566792583
1454,0.1557974529
1455,0.1550174046
1456,0.1544528866
1457,0.1537777042
1458,0.1535330868
1459,0.1531262684
1460,0.1529386806
1461,0.1526971626
1462,0.1525954056
1463,0.1527009773
1464,0.1528739357
1465,0.1530629826
1466,0.1533868027
1467,0.1536958027
1468,0.1542802429
1469,0.1547703171
1470,0.1555323887
1471,0.1563493633
1472,0.1572591972
1473,0.1583231735
1474,0.1590983295
1475,0.1604382133
1476,0.1617900658
1477,0.1629767609
1478,0.164532547
1479,0.1660936546
1480,0.1675600815
1481,0.1693673515
1482,0.1711348534
1483,0.1729360008
1484,0.1748005486
1485,0.1770227051
1486,0.1790683937
1487,0.1811183929
1488,0.1833914185
1489,0.1856758118
1490,0.1880623436
1491,0.1904419899
1492,0.1929883003
1493,0.1956216621
1494,0.1979705048
1495,0.2007600975
1496,0.2034049797
1497,0.2061842346
1498,0.209142971
1499,0.2119468117
1500,0.2148254585
1501,0.2175899506
1502,0.2207370758
1503,0.2236654663
1504,0.2267057991
1505,0.2299384117
1506,0.2329263115
1507,0.2361625862
1508,0.2390470123
1509,0.2422492599
1510,0.2454721642
1511,0.2486812973
1512,0.2520133591
1513,0.2550864601
1514,0.2582443619
1515,0.2615609169
1516,0.2645743561
1517,0.268058815
1518,0.2712969398
1519,0.2744530106
1520,0.277700367
1521,0.2807664299
1522,0.2840730476
1523,0.28727314
1524,0.2905623627
1525,0.2936937141
1526,0.2968715096
1527,0.3000004196
1528,0.3031760979
1529,0.306176548
1530,0.3093617249
1531,0.312504406
1532,0.3155125046
1533,0.318482399
1534,0.3214643478
1535,0.3242323685
1536,0.327198143
1537,0.3302181244
1538,0.3329602051
1539,0.3357413864
1540,0.3384766388
1541,0.3412749863
1542,0.3437887573
1543,0.3465988922
1544,0.3491328812
1545,0.3515417862
1546,0.3540324402
1547,0.356550293
1548,0.359015007
1549,0.3611289978
1550,0.3636079788
1551,0.365831871
1552,0.3679148483
1553,0.3701899719
1554,0.3722346878
1555,0.3739247513
1556,0.3760947418
1557,0.3780382156
1558,0.3799456787
1559,0.3817035675
1560,0.383307991
1561,0.3848959351
1562,0.3865375137
1563,0.3878425217
1564,0.3894356155
1565,0.3907077026
1566,0.3921006393
1567,0.3934110641
1568,0.3944260788
1569,0.3955421066
1570,0.3965426254
1571,0.397525444
1572,0.3985476685
1573,0.3990283203
1574,0.3999246597
1575,0.400605545
1576,0.4011558151
1577,0.4018398666
1578,0.4020711899
1579,0.4023173904
1580,0.4028015137
1581,0.4029413986
1582,0.4030761719
1583,0.4032037735
1584,0.4031093216
1585,0.4029829788
1586,0.402796402
1587,0.4025445557
1588,0.4022141266
1589,0.4018729401
1590,0.4013270569
1591,0.4005344391
1592,0.3999443817
1593,0.3992844772
1594,0.3985246277
1595,0.3974646378
1596,0.3964801025
1597,0.39534729
1598,0.3943320084
1599,0.3929174423
1600,0.3916894913
1601,0.390319519
1602,0.3887409973
1603,0.3872666931
1604,0.3853513718
1605,0.3838959503
1606,0.3820245743
1607,0.3802278519
1608,0.3781980896
1609,0.3761208725
1610,0.3739969254
1611,0.3718749619
1612,0.3697612
1613,0.3674386215
1614,0.3647262573
1615,0.3619944
1616,0.359565773
1617,0.3571139908
1618,0.3544039917
1619,0.3516857147
1620,0.3487478256
1621,0.3457302856
1622,0.3427183151
1623,0.3398267365
1624,0.336616478
1625,0.3336400223
1626,0.330180397
1627,0.3267302322
1628,0.3234310532
1629,0.3202128601
1630,0.3167665863
1631,0.313073101
1632,0.3097494316
1633,0.3061823273
1634,0.3022698975
1635,0.298449192
1636,0.2949878883
1637,0.2911400414
1638,0.2873521423
1639,0.283611927
1640,0.2795421219
1641,0.2756141472
1642,0.2717202568
1643,0.2678552628
1644,0.2639071274
1645,0.259873333
1646,0.2557964897
1647,0.2515122986
1648,0.247706871
1649,0.2437303734
1650,0.2396438599
1651,0.2356232452
1652,0.2318854904
1653,0.2274233818
1654,0.2234549904
1655,0.2196580696
1656,0.2155750084
1657,0.2116488838
1658,0.2078837395
1659,0.2037528229
1660,0.2000097466
1661,0.1959879303
1662,0.1924151993
1663,0.1885575104
1664,0.1850862312
1665,0.1812895775
1666,0.1773367691
1667,0.1739554024
1668,0.1706388664
1669,0.1672714424
1670,0.1638728142
1671,0.1604151344
1672,0.1571577168
1673,0.1538424683
1674,0.1508813381
1675,0.1478450584
1676,0.1450408554
1677,0.1420258141
1678,0.1394247246
1679,0.1364779663
1680,0.1338595772
1681,0.1315694332
1682,0.1291488266
1683,0.1264942169
1684,0.124430809
1685,0.1225212193
1686,0.12041152
1687,0.1184911728
1688,0.1165714836
1689,0.1150318813
1690,0.1135109329
1691,0.1118134022
1692,0.1103030777
1693,0.108955822
1694,0.1079131699
1695,0.1069991112
1696,0.105756197
1697,0.1050104237
1698,0.1043815327
1699,0.1036131191
1700,0.1031732082
1701,0.1026886368
1702,0.102430563
1703,0.1021327686
1704,0.1021259975
1705,0.1021341324
1706,0.1022235012
1707,0.1024280071
1708,0.1026610565
1709,0.1033893394
1710,0.1035742283
1711,0.1045347309
1712,0.1052591038
1713,0.1057883167
1714,0.1066777515
1715,0.1078339958
1716,0.108915081
1717,0.109895153
1718,0.1115526772
1719,0.1129332638
1720,0.1141282177
1721,0.1162312126
1722,0.1173705769
1723,0.11936059
1724,0.1212396622
1725,0.1234136486
1726,0.1252075005
1727,0.1271186733
1728,0.1291958427
1729,0.131382122
1730,0.133874464
1731,0.136456728
1732,0.1384176922
1733,0.1411228371
1734,0.1436799335
1735,0.1461474419
1736,0.1489178848
1737,0.1516859722
1738,0.1543451881
1739,0.1569522285
1740,0.1599591827
1741,0.1628187752
1742,0.165519886
1743,0.1684269905
1744,0.1717354965
1745,0.174508934
1746,0.1774171829
1747,0.1809182739
1748,0.1837402916
1749,0.186960659
1750,0.1900919914
